benchmark,strategy,sub_dataset,n,metric,value,source_csv
D.LRU (judge),a_mem,infbench_sum_eng_shots2,100,mean_fluency,1.0,results/d_lru_a_mem_judge_scores.csv
D.LRU (judge),a_mem,infbench_sum_eng_shots2,100,mean_recall,0.036,results/d_lru_a_mem_judge_scores.csv
D.LRU (judge),a_mem,infbench_sum_eng_shots2,100,mean_precision,0.1274,results/d_lru_a_mem_judge_scores.csv
D.LRU (judge),a_mem,infbench_sum_eng_shots2,100,mean_f1,0.0192,results/d_lru_a_mem_judge_scores.csv
D.LRU (judge),a_mem,detective_qa,71,accuracy,0.4085,results/d_lru_a_mem_judge_scores.csv
D.LRU (judge),no_memoria,detective_qa,71,accuracy,0.338,results/d_lru_judge_scores.csv
D.LRU (judge),no_memoria,infbench_sum_eng_shots2,100,mean_fluency,1.0,results/d_lru_judge_scores.csv
D.LRU (judge),no_memoria,infbench_sum_eng_shots2,100,mean_recall,0.0313,results/d_lru_judge_scores.csv
D.LRU (judge),no_memoria,infbench_sum_eng_shots2,100,mean_precision,0.0765,results/d_lru_judge_scores.csv
D.LRU (judge),no_memoria,infbench_sum_eng_shots2,100,mean_f1,0.0074,results/d_lru_judge_scores.csv
LongMemEval Oracle,a_mem,knowledge-update,78,accuracy,0.884615,results/longmemeval_longmemeval_oracle_a_mem_scores.csv
LongMemEval Oracle,a_mem,multi-session,133,accuracy,0.413534,results/longmemeval_longmemeval_oracle_a_mem_scores.csv
LongMemEval Oracle,a_mem,single-session-assistant,56,accuracy,0.839286,results/longmemeval_longmemeval_oracle_a_mem_scores.csv
LongMemEval Oracle,a_mem,single-session-preference,30,accuracy,0.933333,results/longmemeval_longmemeval_oracle_a_mem_scores.csv
LongMemEval Oracle,a_mem,single-session-user,70,accuracy,0.914286,results/longmemeval_longmemeval_oracle_a_mem_scores.csv
LongMemEval Oracle,a_mem,temporal-reasoning,133,accuracy,0.406015,results/longmemeval_longmemeval_oracle_a_mem_scores.csv
LongMemEval Oracle,a_mem,GLOBAL,500,accuracy,0.634,results/longmemeval_longmemeval_oracle_a_mem_scores.csv
LongMemEval Oracle,no_memoria,knowledge-update,78,accuracy,0.320513,results/longmemeval_longmemeval_oracle_no_memory_scores.csv
LongMemEval Oracle,no_memoria,multi-session,133,accuracy,0.12782,results/longmemeval_longmemeval_oracle_no_memory_scores.csv
LongMemEval Oracle,no_memoria,single-session-assistant,56,accuracy,0.142857,results/longmemeval_longmemeval_oracle_no_memory_scores.csv
LongMemEval Oracle,no_memoria,single-session-preference,30,accuracy,0.766667,results/longmemeval_longmemeval_oracle_no_memory_scores.csv
LongMemEval Oracle,no_memoria,single-session-user,70,accuracy,0.128571,results/longmemeval_longmemeval_oracle_no_memory_scores.csv
LongMemEval Oracle,no_memoria,temporal-reasoning,133,accuracy,0.142857,results/longmemeval_longmemeval_oracle_no_memory_scores.csv
LongMemEval Oracle,no_memoria,GLOBAL,500,accuracy,0.202,results/longmemeval_longmemeval_oracle_no_memory_scores.csv
D.AR,a_mem,eventqa_131072,500,exact_match,0.148,results/runs/d_ar_a_mem_scores.csv
D.AR,a_mem,eventqa_131072,500,substring_exact_match,0.204,results/runs/d_ar_a_mem_scores.csv
D.AR,a_mem,eventqa_131072,500,f1,0.3458010867416996,results/runs/d_ar_a_mem_scores.csv
D.AR,a_mem,eventqa_131072,500,rougeL_f1,0.36201420194171463,results/runs/d_ar_a_mem_scores.csv
D.AR,a_mem,eventqa_131072,500,rougeL_recall,0.3741572216569123,results/runs/d_ar_a_mem_scores.csv
D.AR,a_mem,eventqa_131072,500,rougeLsum_f1,0.36201420194171463,results/runs/d_ar_a_mem_scores.csv
D.AR,a_mem,eventqa_131072,500,rougeLsum_recall,0.3741572216569123,results/runs/d_ar_a_mem_scores.csv
D.AR,a_mem,eventqa_65536,500,exact_match,0.174,results/runs/d_ar_a_mem_scores.csv
D.AR,a_mem,eventqa_65536,500,substring_exact_match,0.238,results/runs/d_ar_a_mem_scores.csv
D.AR,a_mem,eventqa_65536,500,f1,0.36201182673984383,results/runs/d_ar_a_mem_scores.csv
D.AR,a_mem,eventqa_65536,500,rougeL_f1,0.374766476236571,results/runs/d_ar_a_mem_scores.csv
D.AR,a_mem,eventqa_65536,500,rougeL_recall,0.3881798990569117,results/runs/d_ar_a_mem_scores.csv
D.AR,a_mem,eventqa_65536,500,rougeLsum_f1,0.374766476236571,results/runs/d_ar_a_mem_scores.csv
D.AR,a_mem,eventqa_65536,500,rougeLsum_recall,0.3881798990569117,results/runs/d_ar_a_mem_scores.csv
D.AR,a_mem,eventqa_full,500,exact_match,0.128,results/runs/d_ar_a_mem_scores.csv
D.AR,a_mem,eventqa_full,500,substring_exact_match,0.142,results/runs/d_ar_a_mem_scores.csv
D.AR,a_mem,eventqa_full,500,f1,0.2959392390822289,results/runs/d_ar_a_mem_scores.csv
D.AR,a_mem,eventqa_full,500,rougeL_f1,0.3110654877505748,results/runs/d_ar_a_mem_scores.csv
D.AR,a_mem,eventqa_full,500,rougeL_recall,0.32239815519018317,results/runs/d_ar_a_mem_scores.csv
D.AR,a_mem,eventqa_full,500,rougeLsum_f1,0.3110654877505748,results/runs/d_ar_a_mem_scores.csv
D.AR,a_mem,eventqa_full,500,rougeLsum_recall,0.32239815519018317,results/runs/d_ar_a_mem_scores.csv
D.AR,a_mem,longmemeval_s*,300,exact_match,0.02,results/runs/d_ar_a_mem_scores.csv
D.AR,a_mem,longmemeval_s*,300,substring_exact_match,0.19666666666666666,results/runs/d_ar_a_mem_scores.csv
D.AR,a_mem,longmemeval_s*,300,f1,0.1439438663482934,results/runs/d_ar_a_mem_scores.csv
D.AR,a_mem,longmemeval_s*,300,rougeL_f1,0.14451686136187558,results/runs/d_ar_a_mem_scores.csv
D.AR,a_mem,longmemeval_s*,300,rougeL_recall,0.36609561869272916,results/runs/d_ar_a_mem_scores.csv
D.AR,a_mem,longmemeval_s*,300,rougeLsum_f1,0.146698425054899,results/runs/d_ar_a_mem_scores.csv
D.AR,a_mem,longmemeval_s*,300,rougeLsum_recall,0.3728718286643015,results/runs/d_ar_a_mem_scores.csv
D.AR,a_mem,ruler_qa1_197K,100,exact_match,0.15,results/runs/d_ar_a_mem_scores.csv
D.AR,a_mem,ruler_qa1_197K,100,substring_exact_match,0.55,results/runs/d_ar_a_mem_scores.csv
D.AR,a_mem,ruler_qa1_197K,100,f1,0.3048558175796568,results/runs/d_ar_a_mem_scores.csv
D.AR,a_mem,ruler_qa1_197K,100,rougeL_f1,0.31077527111466907,results/runs/d_ar_a_mem_scores.csv
D.AR,a_mem,ruler_qa1_197K,100,rougeL_recall,0.6298333333333335,results/runs/d_ar_a_mem_scores.csv
D.AR,a_mem,ruler_qa1_197K,100,rougeLsum_f1,0.31077527111466907,results/runs/d_ar_a_mem_scores.csv
D.AR,a_mem,ruler_qa1_197K,100,rougeLsum_recall,0.6298333333333335,results/runs/d_ar_a_mem_scores.csv
D.AR,a_mem,ruler_qa2_421K,100,exact_match,0.08,results/runs/d_ar_a_mem_scores.csv
D.AR,a_mem,ruler_qa2_421K,100,substring_exact_match,0.38,results/runs/d_ar_a_mem_scores.csv
D.AR,a_mem,ruler_qa2_421K,100,f1,0.1969921166726358,results/runs/d_ar_a_mem_scores.csv
D.AR,a_mem,ruler_qa2_421K,100,rougeL_f1,0.19666947630462936,results/runs/d_ar_a_mem_scores.csv
D.AR,a_mem,ruler_qa2_421K,100,rougeL_recall,0.47858333333333325,results/runs/d_ar_a_mem_scores.csv
D.AR,a_mem,ruler_qa2_421K,100,rougeLsum_f1,0.19666947630462936,results/runs/d_ar_a_mem_scores.csv
D.AR,a_mem,ruler_qa2_421K,100,rougeLsum_recall,0.47858333333333325,results/runs/d_ar_a_mem_scores.csv
D.AR,a_mem,GLOBAL (weighted),2000,exact_match,0.127,results/runs/d_ar_a_mem_scores.csv
D.AR,a_mem,GLOBAL (weighted),2000,substring_exact_match,0.222,results/runs/d_ar_a_mem_scores.csv
D.AR,a_mem,GLOBAL (weighted),2000,f1,0.29762201480580175,results/runs/d_ar_a_mem_scores.csv
D.AR,a_mem,GLOBAL (weighted),2000,rougeL_f1,0.30901130805746135,results/runs/d_ar_a_mem_scores.csv
D.AR,a_mem,GLOBAL (weighted),2000,rougeL_recall,0.3815189951132445,results/runs/d_ar_a_mem_scores.csv
D.AR,a_mem,GLOBAL (weighted),2000,rougeLsum_f1,0.30933854261141486,results/runs/d_ar_a_mem_scores.csv
D.AR,a_mem,GLOBAL (weighted),2000,rougeLsum_recall,0.3825354266089803,results/runs/d_ar_a_mem_scores.csv
D.AR,no_memoria,eventqa_131072,500,exact_match,0.092,results/runs/d_ar_nomemoria_scores.csv
D.AR,no_memoria,eventqa_131072,500,substring_exact_match,0.108,results/runs/d_ar_nomemoria_scores.csv
D.AR,no_memoria,eventqa_131072,500,f1,0.23582152937017797,results/runs/d_ar_nomemoria_scores.csv
D.AR,no_memoria,eventqa_131072,500,rougeL_f1,0.25089246350912775,results/runs/d_ar_nomemoria_scores.csv
D.AR,no_memoria,eventqa_131072,500,rougeL_recall,0.26128704808263625,results/runs/d_ar_nomemoria_scores.csv
D.AR,no_memoria,eventqa_131072,500,rougeLsum_f1,0.25089246350912775,results/runs/d_ar_nomemoria_scores.csv
D.AR,no_memoria,eventqa_131072,500,rougeLsum_recall,0.26128704808263625,results/runs/d_ar_nomemoria_scores.csv
D.AR,no_memoria,eventqa_65536,500,exact_match,0.124,results/runs/d_ar_nomemoria_scores.csv
D.AR,no_memoria,eventqa_65536,500,substring_exact_match,0.152,results/runs/d_ar_nomemoria_scores.csv
D.AR,no_memoria,eventqa_65536,500,f1,0.26904141839113066,results/runs/d_ar_nomemoria_scores.csv
D.AR,no_memoria,eventqa_65536,500,rougeL_f1,0.2795279908753069,results/runs/d_ar_nomemoria_scores.csv
D.AR,no_memoria,eventqa_65536,500,rougeL_recall,0.2915733023512436,results/runs/d_ar_nomemoria_scores.csv
D.AR,no_memoria,eventqa_65536,500,rougeLsum_f1,0.2795279908753069,results/runs/d_ar_nomemoria_scores.csv
D.AR,no_memoria,eventqa_65536,500,rougeLsum_recall,0.2915733023512436,results/runs/d_ar_nomemoria_scores.csv
D.AR,no_memoria,eventqa_full,500,exact_match,0.134,results/runs/d_ar_nomemoria_scores.csv
D.AR,no_memoria,eventqa_full,500,substring_exact_match,0.156,results/runs/d_ar_nomemoria_scores.csv
D.AR,no_memoria,eventqa_full,500,f1,0.299067983131256,results/runs/d_ar_nomemoria_scores.csv
D.AR,no_memoria,eventqa_full,500,rougeL_f1,0.3132734484773893,results/runs/d_ar_nomemoria_scores.csv
D.AR,no_memoria,eventqa_full,500,rougeL_recall,0.32385967741408933,results/runs/d_ar_nomemoria_scores.csv
D.AR,no_memoria,eventqa_full,500,rougeLsum_f1,0.3132734484773893,results/runs/d_ar_nomemoria_scores.csv
D.AR,no_memoria,eventqa_full,500,rougeLsum_recall,0.32385967741408933,results/runs/d_ar_nomemoria_scores.csv
D.AR,no_memoria,longmemeval_s*,300,exact_match,0.0,results/runs/d_ar_nomemoria_scores.csv
D.AR,no_memoria,longmemeval_s*,300,substring_exact_match,0.043333333333333335,results/runs/d_ar_nomemoria_scores.csv
D.AR,no_memoria,longmemeval_s*,300,f1,0.04821279576675914,results/runs/d_ar_nomemoria_scores.csv
D.AR,no_memoria,longmemeval_s*,300,rougeL_f1,0.04454826441031436,results/runs/d_ar_nomemoria_scores.csv
D.AR,no_memoria,longmemeval_s*,300,rougeL_recall,0.1320391292579802,results/runs/d_ar_nomemoria_scores.csv
D.AR,no_memoria,longmemeval_s*,300,rougeLsum_f1,0.047933295688893464,results/runs/d_ar_nomemoria_scores.csv
D.AR,no_memoria,longmemeval_s*,300,rougeLsum_recall,0.1382595640000864,results/runs/d_ar_nomemoria_scores.csv
D.AR,no_memoria,ruler_qa1_197K,100,exact_match,0.02,results/runs/d_ar_nomemoria_scores.csv
D.AR,no_memoria,ruler_qa1_197K,100,substring_exact_match,0.23,results/runs/d_ar_nomemoria_scores.csv
D.AR,no_memoria,ruler_qa1_197K,100,f1,0.0670357308771734,results/runs/d_ar_nomemoria_scores.csv
D.AR,no_memoria,ruler_qa1_197K,100,rougeL_f1,0.0685801820044302,results/runs/d_ar_nomemoria_scores.csv
D.AR,no_memoria,ruler_qa1_197K,100,rougeL_recall,0.2857063492063492,results/runs/d_ar_nomemoria_scores.csv
D.AR,no_memoria,ruler_qa1_197K,100,rougeLsum_f1,0.0685801820044302,results/runs/d_ar_nomemoria_scores.csv
D.AR,no_memoria,ruler_qa1_197K,100,rougeLsum_recall,0.2857063492063492,results/runs/d_ar_nomemoria_scores.csv
D.AR,no_memoria,ruler_qa2_421K,100,exact_match,0.0,results/runs/d_ar_nomemoria_scores.csv
D.AR,no_memoria,ruler_qa2_421K,100,substring_exact_match,0.25,results/runs/d_ar_nomemoria_scores.csv
D.AR,no_memoria,ruler_qa2_421K,100,f1,0.07312672532154495,results/runs/d_ar_nomemoria_scores.csv
D.AR,no_memoria,ruler_qa2_421K,100,rougeL_f1,0.07966100757757007,results/runs/d_ar_nomemoria_scores.csv
D.AR,no_memoria,ruler_qa2_421K,100,rougeL_recall,0.3475238095238095,results/runs/d_ar_nomemoria_scores.csv
D.AR,no_memoria,ruler_qa2_421K,100,rougeLsum_f1,0.07966100757757007,results/runs/d_ar_nomemoria_scores.csv
D.AR,no_memoria,ruler_qa2_421K,100,rougeLsum_recall,0.3475238095238095,results/runs/d_ar_nomemoria_scores.csv
D.AR,no_memoria,GLOBAL (weighted),2000,exact_match,0.0885,results/runs/d_ar_nomemoria_scores.csv
D.AR,no_memoria,GLOBAL (weighted),2000,substring_exact_match,0.1345,results/runs/d_ar_nomemoria_scores.csv
D.AR,no_memoria,GLOBAL (weighted),2000,f1,0.215222774898091,results/runs/d_ar_nomemoria_scores.csv
D.AR,no_memoria,GLOBAL (weighted),2000,rougeL_f1,0.2250177748561032,results/runs/d_ar_nomemoria_scores.csv
D.AR,no_memoria,GLOBAL (weighted),2000,rougeL_recall,0.27064738428719726,results/runs/d_ar_nomemoria_scores.csv
D.AR,no_memoria,GLOBAL (weighted),2000,rougeLsum_f1,0.22552552954789004,results/runs/d_ar_nomemoria_scores.csv
D.AR,no_memoria,GLOBAL (weighted),2000,rougeLsum_recall,0.2715804494985132,results/runs/d_ar_nomemoria_scores.csv
D.CR,a_mem,factconsolidation_mh_262k,100,exact_match,0.0,results/runs/d_cr_a_mem_scores.csv
D.CR,a_mem,factconsolidation_mh_262k,100,substring_exact_match,0.0,results/runs/d_cr_a_mem_scores.csv
D.CR,a_mem,factconsolidation_mh_262k,100,f1,0.0027335229966808914,results/runs/d_cr_a_mem_scores.csv
D.CR,a_mem,factconsolidation_mh_262k,100,rougeL_f1,0.0028507731206226274,results/runs/d_cr_a_mem_scores.csv
D.CR,a_mem,factconsolidation_mh_262k,100,rougeL_recall,0.019999999999999997,results/runs/d_cr_a_mem_scores.csv
D.CR,a_mem,factconsolidation_mh_262k,100,rougeLsum_f1,0.0028507731206226274,results/runs/d_cr_a_mem_scores.csv
D.CR,a_mem,factconsolidation_mh_262k,100,rougeLsum_recall,0.019999999999999997,results/runs/d_cr_a_mem_scores.csv
D.CR,a_mem,factconsolidation_mh_32k,100,exact_match,0.0,results/runs/d_cr_a_mem_scores.csv
D.CR,a_mem,factconsolidation_mh_32k,100,substring_exact_match,0.04,results/runs/d_cr_a_mem_scores.csv
D.CR,a_mem,factconsolidation_mh_32k,100,f1,0.01712076362076362,results/runs/d_cr_a_mem_scores.csv
D.CR,a_mem,factconsolidation_mh_32k,100,rougeL_f1,0.018076852559205502,results/runs/d_cr_a_mem_scores.csv
D.CR,a_mem,factconsolidation_mh_32k,100,rougeL_recall,0.06166666666666666,results/runs/d_cr_a_mem_scores.csv
D.CR,a_mem,factconsolidation_mh_32k,100,rougeLsum_f1,0.018076852559205502,results/runs/d_cr_a_mem_scores.csv
D.CR,a_mem,factconsolidation_mh_32k,100,rougeLsum_recall,0.06166666666666666,results/runs/d_cr_a_mem_scores.csv
D.CR,a_mem,factconsolidation_mh_64k,100,exact_match,0.01,results/runs/d_cr_a_mem_scores.csv
D.CR,a_mem,factconsolidation_mh_64k,100,substring_exact_match,0.02,results/runs/d_cr_a_mem_scores.csv
D.CR,a_mem,factconsolidation_mh_64k,100,f1,0.023705411474934802,results/runs/d_cr_a_mem_scores.csv
D.CR,a_mem,factconsolidation_mh_64k,100,rougeL_f1,0.025745878235239942,results/runs/d_cr_a_mem_scores.csv
D.CR,a_mem,factconsolidation_mh_64k,100,rougeL_recall,0.0495,results/runs/d_cr_a_mem_scores.csv
D.CR,a_mem,factconsolidation_mh_64k,100,rougeLsum_f1,0.025745878235239942,results/runs/d_cr_a_mem_scores.csv
D.CR,a_mem,factconsolidation_mh_64k,100,rougeLsum_recall,0.0495,results/runs/d_cr_a_mem_scores.csv
D.CR,a_mem,factconsolidation_mh_6k,100,exact_match,0.02,results/runs/d_cr_a_mem_scores.csv
D.CR,a_mem,factconsolidation_mh_6k,100,substring_exact_match,0.05,results/runs/d_cr_a_mem_scores.csv
D.CR,a_mem,factconsolidation_mh_6k,100,f1,0.027508310871518414,results/runs/d_cr_a_mem_scores.csv
D.CR,a_mem,factconsolidation_mh_6k,100,rougeL_f1,0.027152905264669968,results/runs/d_cr_a_mem_scores.csv
D.CR,a_mem,factconsolidation_mh_6k,100,rougeL_recall,0.06033333333333333,results/runs/d_cr_a_mem_scores.csv
D.CR,a_mem,factconsolidation_mh_6k,100,rougeLsum_f1,0.027152905264669968,results/runs/d_cr_a_mem_scores.csv
D.CR,a_mem,factconsolidation_mh_6k,100,rougeLsum_recall,0.06033333333333333,results/runs/d_cr_a_mem_scores.csv
D.CR,a_mem,factconsolidation_sh_262k,100,exact_match,0.05,results/runs/d_cr_a_mem_scores.csv
D.CR,a_mem,factconsolidation_sh_262k,100,substring_exact_match,0.11,results/runs/d_cr_a_mem_scores.csv
D.CR,a_mem,factconsolidation_sh_262k,100,f1,0.07381108554883509,results/runs/d_cr_a_mem_scores.csv
D.CR,a_mem,factconsolidation_sh_262k,100,rougeL_f1,0.07452503510220372,results/runs/d_cr_a_mem_scores.csv
D.CR,a_mem,factconsolidation_sh_262k,100,rougeL_recall,0.15333333333333335,results/runs/d_cr_a_mem_scores.csv
D.CR,a_mem,factconsolidation_sh_262k,100,rougeLsum_f1,0.07452503510220372,results/runs/d_cr_a_mem_scores.csv
D.CR,a_mem,factconsolidation_sh_262k,100,rougeLsum_recall,0.15333333333333335,results/runs/d_cr_a_mem_scores.csv
D.CR,a_mem,factconsolidation_sh_32k,100,exact_match,0.2,results/runs/d_cr_a_mem_scores.csv
D.CR,a_mem,factconsolidation_sh_32k,100,substring_exact_match,0.28,results/runs/d_cr_a_mem_scores.csv
D.CR,a_mem,factconsolidation_sh_32k,100,f1,0.23759327459989785,results/runs/d_cr_a_mem_scores.csv
D.CR,a_mem,factconsolidation_sh_32k,100,rougeL_f1,0.23517912887775022,results/runs/d_cr_a_mem_scores.csv
D.CR,a_mem,factconsolidation_sh_32k,100,rougeL_recall,0.3183333333333333,results/runs/d_cr_a_mem_scores.csv
D.CR,a_mem,factconsolidation_sh_32k,100,rougeLsum_f1,0.23517912887775022,results/runs/d_cr_a_mem_scores.csv
D.CR,a_mem,factconsolidation_sh_32k,100,rougeLsum_recall,0.3183333333333333,results/runs/d_cr_a_mem_scores.csv
D.CR,a_mem,factconsolidation_sh_64k,100,exact_match,0.2,results/runs/d_cr_a_mem_scores.csv
D.CR,a_mem,factconsolidation_sh_64k,100,substring_exact_match,0.26,results/runs/d_cr_a_mem_scores.csv
D.CR,a_mem,factconsolidation_sh_64k,100,f1,0.22456570156798353,results/runs/d_cr_a_mem_scores.csv
D.CR,a_mem,factconsolidation_sh_64k,100,rougeL_f1,0.22510353290772225,results/runs/d_cr_a_mem_scores.csv
D.CR,a_mem,factconsolidation_sh_64k,100,rougeL_recall,0.2786666666666666,results/runs/d_cr_a_mem_scores.csv
D.CR,a_mem,factconsolidation_sh_64k,100,rougeLsum_f1,0.22510353290772225,results/runs/d_cr_a_mem_scores.csv
D.CR,a_mem,factconsolidation_sh_64k,100,rougeLsum_recall,0.2786666666666666,results/runs/d_cr_a_mem_scores.csv
D.CR,a_mem,factconsolidation_sh_6k,100,exact_match,0.34,results/runs/d_cr_a_mem_scores.csv
D.CR,a_mem,factconsolidation_sh_6k,100,substring_exact_match,0.45,results/runs/d_cr_a_mem_scores.csv
D.CR,a_mem,factconsolidation_sh_6k,100,f1,0.37255245485508637,results/runs/d_cr_a_mem_scores.csv
D.CR,a_mem,factconsolidation_sh_6k,100,rougeL_f1,0.37263362748362744,results/runs/d_cr_a_mem_scores.csv
D.CR,a_mem,factconsolidation_sh_6k,100,rougeL_recall,0.455,results/runs/d_cr_a_mem_scores.csv
D.CR,a_mem,factconsolidation_sh_6k,100,rougeLsum_f1,0.37263362748362744,results/runs/d_cr_a_mem_scores.csv
D.CR,a_mem,factconsolidation_sh_6k,100,rougeLsum_recall,0.455,results/runs/d_cr_a_mem_scores.csv
D.CR,a_mem,GLOBAL (weighted),800,exact_match,0.1025,results/runs/d_cr_a_mem_scores.csv
D.CR,a_mem,GLOBAL (weighted),800,substring_exact_match,0.15125,results/runs/d_cr_a_mem_scores.csv
D.CR,a_mem,GLOBAL (weighted),800,f1,0.12244881569196257,results/runs/d_cr_a_mem_scores.csv
D.CR,a_mem,GLOBAL (weighted),800,rougeL_f1,0.1226584666938802,results/runs/d_cr_a_mem_scores.csv
D.CR,a_mem,GLOBAL (weighted),800,rougeL_recall,0.17460416666666667,results/runs/d_cr_a_mem_scores.csv
D.CR,a_mem,GLOBAL (weighted),800,rougeLsum_f1,0.1226584666938802,results/runs/d_cr_a_mem_scores.csv
D.CR,a_mem,GLOBAL (weighted),800,rougeLsum_recall,0.17460416666666667,results/runs/d_cr_a_mem_scores.csv
D.CR,no_memoria,factconsolidation_mh_262k,100,exact_match,0.0,results/runs/d_cr_no_memoria_scores.csv
D.CR,no_memoria,factconsolidation_mh_262k,100,substring_exact_match,0.02,results/runs/d_cr_no_memoria_scores.csv
D.CR,no_memoria,factconsolidation_mh_262k,100,f1,0.004816339869281046,results/runs/d_cr_no_memoria_scores.csv
D.CR,no_memoria,factconsolidation_mh_262k,100,rougeL_f1,0.004952107959456744,results/runs/d_cr_no_memoria_scores.csv
D.CR,no_memoria,factconsolidation_mh_262k,100,rougeL_recall,0.03833333333333334,results/runs/d_cr_no_memoria_scores.csv
D.CR,no_memoria,factconsolidation_mh_262k,100,rougeLsum_f1,0.004952107959456744,results/runs/d_cr_no_memoria_scores.csv
D.CR,no_memoria,factconsolidation_mh_262k,100,rougeLsum_recall,0.03833333333333334,results/runs/d_cr_no_memoria_scores.csv
D.CR,no_memoria,factconsolidation_mh_32k,100,exact_match,0.0,results/runs/d_cr_no_memoria_scores.csv
D.CR,no_memoria,factconsolidation_mh_32k,100,substring_exact_match,0.03,results/runs/d_cr_no_memoria_scores.csv
D.CR,no_memoria,factconsolidation_mh_32k,100,f1,0.004112894141286711,results/runs/d_cr_no_memoria_scores.csv
D.CR,no_memoria,factconsolidation_mh_32k,100,rougeL_f1,0.004129848933164123,results/runs/d_cr_no_memoria_scores.csv
D.CR,no_memoria,factconsolidation_mh_32k,100,rougeL_recall,0.0375,results/runs/d_cr_no_memoria_scores.csv
D.CR,no_memoria,factconsolidation_mh_32k,100,rougeLsum_f1,0.004129848933164123,results/runs/d_cr_no_memoria_scores.csv
D.CR,no_memoria,factconsolidation_mh_32k,100,rougeLsum_recall,0.0375,results/runs/d_cr_no_memoria_scores.csv
D.CR,no_memoria,factconsolidation_mh_64k,100,exact_match,0.0,results/runs/d_cr_no_memoria_scores.csv
D.CR,no_memoria,factconsolidation_mh_64k,100,substring_exact_match,0.01,results/runs/d_cr_no_memoria_scores.csv
D.CR,no_memoria,factconsolidation_mh_64k,100,f1,0.004082390727552018,results/runs/d_cr_no_memoria_scores.csv
D.CR,no_memoria,factconsolidation_mh_64k,100,rougeL_f1,0.007423520923520924,results/runs/d_cr_no_memoria_scores.csv
D.CR,no_memoria,factconsolidation_mh_64k,100,rougeL_recall,0.016166666666666666,results/runs/d_cr_no_memoria_scores.csv
D.CR,no_memoria,factconsolidation_mh_64k,100,rougeLsum_f1,0.007423520923520924,results/runs/d_cr_no_memoria_scores.csv
D.CR,no_memoria,factconsolidation_mh_64k,100,rougeLsum_recall,0.016166666666666666,results/runs/d_cr_no_memoria_scores.csv
D.CR,no_memoria,factconsolidation_mh_6k,100,exact_match,0.0,results/runs/d_cr_no_memoria_scores.csv
D.CR,no_memoria,factconsolidation_mh_6k,100,substring_exact_match,0.0,results/runs/d_cr_no_memoria_scores.csv
D.CR,no_memoria,factconsolidation_mh_6k,100,f1,0.001597542242703533,results/runs/d_cr_no_memoria_scores.csv
D.CR,no_memoria,factconsolidation_mh_6k,100,rougeL_f1,0.00540661938534279,results/runs/d_cr_no_memoria_scores.csv
D.CR,no_memoria,factconsolidation_mh_6k,100,rougeL_recall,0.010333333333333332,results/runs/d_cr_no_memoria_scores.csv
D.CR,no_memoria,factconsolidation_mh_6k,100,rougeLsum_f1,0.00540661938534279,results/runs/d_cr_no_memoria_scores.csv
D.CR,no_memoria,factconsolidation_mh_6k,100,rougeLsum_recall,0.010333333333333332,results/runs/d_cr_no_memoria_scores.csv
D.CR,no_memoria,factconsolidation_sh_262k,100,exact_match,0.02,results/runs/d_cr_no_memoria_scores.csv
D.CR,no_memoria,factconsolidation_sh_262k,100,substring_exact_match,0.15,results/runs/d_cr_no_memoria_scores.csv
D.CR,no_memoria,factconsolidation_sh_262k,100,f1,0.08932312199032622,results/runs/d_cr_no_memoria_scores.csv
D.CR,no_memoria,factconsolidation_sh_262k,100,rougeL_f1,0.08703195650331873,results/runs/d_cr_no_memoria_scores.csv
D.CR,no_memoria,factconsolidation_sh_262k,100,rougeL_recall,0.2316666666666666,results/runs/d_cr_no_memoria_scores.csv
D.CR,no_memoria,factconsolidation_sh_262k,100,rougeLsum_f1,0.08703195650331873,results/runs/d_cr_no_memoria_scores.csv
D.CR,no_memoria,factconsolidation_sh_262k,100,rougeLsum_recall,0.2316666666666666,results/runs/d_cr_no_memoria_scores.csv
D.CR,no_memoria,factconsolidation_sh_32k,100,exact_match,0.05,results/runs/d_cr_no_memoria_scores.csv
D.CR,no_memoria,factconsolidation_sh_32k,100,substring_exact_match,0.24,results/runs/d_cr_no_memoria_scores.csv
D.CR,no_memoria,factconsolidation_sh_32k,100,f1,0.12464447380438705,results/runs/d_cr_no_memoria_scores.csv
D.CR,no_memoria,factconsolidation_sh_32k,100,rougeL_f1,0.12202421132845975,results/runs/d_cr_no_memoria_scores.csv
D.CR,no_memoria,factconsolidation_sh_32k,100,rougeL_recall,0.3125,results/runs/d_cr_no_memoria_scores.csv
D.CR,no_memoria,factconsolidation_sh_32k,100,rougeLsum_f1,0.12202421132845975,results/runs/d_cr_no_memoria_scores.csv
D.CR,no_memoria,factconsolidation_sh_32k,100,rougeLsum_recall,0.3125,results/runs/d_cr_no_memoria_scores.csv
D.CR,no_memoria,factconsolidation_sh_64k,100,exact_match,0.07,results/runs/d_cr_no_memoria_scores.csv
D.CR,no_memoria,factconsolidation_sh_64k,100,substring_exact_match,0.29,results/runs/d_cr_no_memoria_scores.csv
D.CR,no_memoria,factconsolidation_sh_64k,100,f1,0.14579821568887374,results/runs/d_cr_no_memoria_scores.csv
D.CR,no_memoria,factconsolidation_sh_64k,100,rougeL_f1,0.1419608853822635,results/runs/d_cr_no_memoria_scores.csv
D.CR,no_memoria,factconsolidation_sh_64k,100,rougeL_recall,0.34949999999999987,results/runs/d_cr_no_memoria_scores.csv
D.CR,no_memoria,factconsolidation_sh_64k,100,rougeLsum_f1,0.1419608853822635,results/runs/d_cr_no_memoria_scores.csv
D.CR,no_memoria,factconsolidation_sh_64k,100,rougeLsum_recall,0.34949999999999987,results/runs/d_cr_no_memoria_scores.csv
D.CR,no_memoria,factconsolidation_sh_6k,100,exact_match,0.05,results/runs/d_cr_no_memoria_scores.csv
D.CR,no_memoria,factconsolidation_sh_6k,100,substring_exact_match,0.15,results/runs/d_cr_no_memoria_scores.csv
D.CR,no_memoria,factconsolidation_sh_6k,100,f1,0.08670153990362721,results/runs/d_cr_no_memoria_scores.csv
D.CR,no_memoria,factconsolidation_sh_6k,100,rougeL_f1,0.08763559478923255,results/runs/d_cr_no_memoria_scores.csv
D.CR,no_memoria,factconsolidation_sh_6k,100,rougeL_recall,0.1825,results/runs/d_cr_no_memoria_scores.csv
D.CR,no_memoria,factconsolidation_sh_6k,100,rougeLsum_f1,0.08763559478923255,results/runs/d_cr_no_memoria_scores.csv
D.CR,no_memoria,factconsolidation_sh_6k,100,rougeLsum_recall,0.1825,results/runs/d_cr_no_memoria_scores.csv
D.CR,no_memoria,GLOBAL (weighted),800,exact_match,0.02375,results/runs/d_cr_no_memoria_scores.csv
D.CR,no_memoria,GLOBAL (weighted),800,substring_exact_match,0.11125,results/runs/d_cr_no_memoria_scores.csv
D.CR,no_memoria,GLOBAL (weighted),800,f1,0.05763456479600469,results/runs/d_cr_no_memoria_scores.csv
D.CR,no_memoria,GLOBAL (weighted),800,rougeL_f1,0.05757059315059489,results/runs/d_cr_no_memoria_scores.csv
D.CR,no_memoria,GLOBAL (weighted),800,rougeL_recall,0.14731249999999999,results/runs/d_cr_no_memoria_scores.csv
D.CR,no_memoria,GLOBAL (weighted),800,rougeLsum_f1,0.05757059315059489,results/runs/d_cr_no_memoria_scores.csv
D.CR,no_memoria,GLOBAL (weighted),800,rougeLsum_recall,0.14731249999999999,results/runs/d_cr_no_memoria_scores.csv
D.CR,no_memoria,factconsolidation_mh_262k,100,exact_match,0.0,results/runs/d_cr_nomemoria_scores.csv
D.CR,no_memoria,factconsolidation_mh_262k,100,substring_exact_match,0.02,results/runs/d_cr_nomemoria_scores.csv
D.CR,no_memoria,factconsolidation_mh_262k,100,f1,0.004816339869281046,results/runs/d_cr_nomemoria_scores.csv
D.CR,no_memoria,factconsolidation_mh_262k,100,rougeL_f1,0.004952107959456744,results/runs/d_cr_nomemoria_scores.csv
D.CR,no_memoria,factconsolidation_mh_262k,100,rougeL_recall,0.03833333333333334,results/runs/d_cr_nomemoria_scores.csv
D.CR,no_memoria,factconsolidation_mh_262k,100,rougeLsum_f1,0.004952107959456744,results/runs/d_cr_nomemoria_scores.csv
D.CR,no_memoria,factconsolidation_mh_262k,100,rougeLsum_recall,0.03833333333333334,results/runs/d_cr_nomemoria_scores.csv
D.CR,no_memoria,factconsolidation_mh_32k,100,exact_match,0.0,results/runs/d_cr_nomemoria_scores.csv
D.CR,no_memoria,factconsolidation_mh_32k,100,substring_exact_match,0.03,results/runs/d_cr_nomemoria_scores.csv
D.CR,no_memoria,factconsolidation_mh_32k,100,f1,0.004112894141286711,results/runs/d_cr_nomemoria_scores.csv
D.CR,no_memoria,factconsolidation_mh_32k,100,rougeL_f1,0.004129848933164123,results/runs/d_cr_nomemoria_scores.csv
D.CR,no_memoria,factconsolidation_mh_32k,100,rougeL_recall,0.0375,results/runs/d_cr_nomemoria_scores.csv
D.CR,no_memoria,factconsolidation_mh_32k,100,rougeLsum_f1,0.004129848933164123,results/runs/d_cr_nomemoria_scores.csv
D.CR,no_memoria,factconsolidation_mh_32k,100,rougeLsum_recall,0.0375,results/runs/d_cr_nomemoria_scores.csv
D.CR,no_memoria,factconsolidation_mh_64k,100,exact_match,0.0,results/runs/d_cr_nomemoria_scores.csv
D.CR,no_memoria,factconsolidation_mh_64k,100,substring_exact_match,0.01,results/runs/d_cr_nomemoria_scores.csv
D.CR,no_memoria,factconsolidation_mh_64k,100,f1,0.004082390727552018,results/runs/d_cr_nomemoria_scores.csv
D.CR,no_memoria,factconsolidation_mh_64k,100,rougeL_f1,0.007423520923520924,results/runs/d_cr_nomemoria_scores.csv
D.CR,no_memoria,factconsolidation_mh_64k,100,rougeL_recall,0.016166666666666666,results/runs/d_cr_nomemoria_scores.csv
D.CR,no_memoria,factconsolidation_mh_64k,100,rougeLsum_f1,0.007423520923520924,results/runs/d_cr_nomemoria_scores.csv
D.CR,no_memoria,factconsolidation_mh_64k,100,rougeLsum_recall,0.016166666666666666,results/runs/d_cr_nomemoria_scores.csv
D.CR,no_memoria,factconsolidation_mh_6k,100,exact_match,0.0,results/runs/d_cr_nomemoria_scores.csv
D.CR,no_memoria,factconsolidation_mh_6k,100,substring_exact_match,0.0,results/runs/d_cr_nomemoria_scores.csv
D.CR,no_memoria,factconsolidation_mh_6k,100,f1,0.001597542242703533,results/runs/d_cr_nomemoria_scores.csv
D.CR,no_memoria,factconsolidation_mh_6k,100,rougeL_f1,0.00540661938534279,results/runs/d_cr_nomemoria_scores.csv
D.CR,no_memoria,factconsolidation_mh_6k,100,rougeL_recall,0.010333333333333332,results/runs/d_cr_nomemoria_scores.csv
D.CR,no_memoria,factconsolidation_mh_6k,100,rougeLsum_f1,0.00540661938534279,results/runs/d_cr_nomemoria_scores.csv
D.CR,no_memoria,factconsolidation_mh_6k,100,rougeLsum_recall,0.010333333333333332,results/runs/d_cr_nomemoria_scores.csv
D.CR,no_memoria,factconsolidation_sh_262k,100,exact_match,0.02,results/runs/d_cr_nomemoria_scores.csv
D.CR,no_memoria,factconsolidation_sh_262k,100,substring_exact_match,0.15,results/runs/d_cr_nomemoria_scores.csv
D.CR,no_memoria,factconsolidation_sh_262k,100,f1,0.08932312199032622,results/runs/d_cr_nomemoria_scores.csv
D.CR,no_memoria,factconsolidation_sh_262k,100,rougeL_f1,0.08703195650331873,results/runs/d_cr_nomemoria_scores.csv
D.CR,no_memoria,factconsolidation_sh_262k,100,rougeL_recall,0.2316666666666666,results/runs/d_cr_nomemoria_scores.csv
D.CR,no_memoria,factconsolidation_sh_262k,100,rougeLsum_f1,0.08703195650331873,results/runs/d_cr_nomemoria_scores.csv
D.CR,no_memoria,factconsolidation_sh_262k,100,rougeLsum_recall,0.2316666666666666,results/runs/d_cr_nomemoria_scores.csv
D.CR,no_memoria,factconsolidation_sh_32k,100,exact_match,0.05,results/runs/d_cr_nomemoria_scores.csv
D.CR,no_memoria,factconsolidation_sh_32k,100,substring_exact_match,0.24,results/runs/d_cr_nomemoria_scores.csv
D.CR,no_memoria,factconsolidation_sh_32k,100,f1,0.12464447380438705,results/runs/d_cr_nomemoria_scores.csv
D.CR,no_memoria,factconsolidation_sh_32k,100,rougeL_f1,0.12202421132845975,results/runs/d_cr_nomemoria_scores.csv
D.CR,no_memoria,factconsolidation_sh_32k,100,rougeL_recall,0.3125,results/runs/d_cr_nomemoria_scores.csv
D.CR,no_memoria,factconsolidation_sh_32k,100,rougeLsum_f1,0.12202421132845975,results/runs/d_cr_nomemoria_scores.csv
D.CR,no_memoria,factconsolidation_sh_32k,100,rougeLsum_recall,0.3125,results/runs/d_cr_nomemoria_scores.csv
D.CR,no_memoria,factconsolidation_sh_64k,100,exact_match,0.07,results/runs/d_cr_nomemoria_scores.csv
D.CR,no_memoria,factconsolidation_sh_64k,100,substring_exact_match,0.29,results/runs/d_cr_nomemoria_scores.csv
D.CR,no_memoria,factconsolidation_sh_64k,100,f1,0.14579821568887374,results/runs/d_cr_nomemoria_scores.csv
D.CR,no_memoria,factconsolidation_sh_64k,100,rougeL_f1,0.1419608853822635,results/runs/d_cr_nomemoria_scores.csv
D.CR,no_memoria,factconsolidation_sh_64k,100,rougeL_recall,0.34949999999999987,results/runs/d_cr_nomemoria_scores.csv
D.CR,no_memoria,factconsolidation_sh_64k,100,rougeLsum_f1,0.1419608853822635,results/runs/d_cr_nomemoria_scores.csv
D.CR,no_memoria,factconsolidation_sh_64k,100,rougeLsum_recall,0.34949999999999987,results/runs/d_cr_nomemoria_scores.csv
D.CR,no_memoria,factconsolidation_sh_6k,100,exact_match,0.05,results/runs/d_cr_nomemoria_scores.csv
D.CR,no_memoria,factconsolidation_sh_6k,100,substring_exact_match,0.15,results/runs/d_cr_nomemoria_scores.csv
D.CR,no_memoria,factconsolidation_sh_6k,100,f1,0.08670153990362721,results/runs/d_cr_nomemoria_scores.csv
D.CR,no_memoria,factconsolidation_sh_6k,100,rougeL_f1,0.08763559478923255,results/runs/d_cr_nomemoria_scores.csv
D.CR,no_memoria,factconsolidation_sh_6k,100,rougeL_recall,0.1825,results/runs/d_cr_nomemoria_scores.csv
D.CR,no_memoria,factconsolidation_sh_6k,100,rougeLsum_f1,0.08763559478923255,results/runs/d_cr_nomemoria_scores.csv
D.CR,no_memoria,factconsolidation_sh_6k,100,rougeLsum_recall,0.1825,results/runs/d_cr_nomemoria_scores.csv
D.CR,no_memoria,GLOBAL (weighted),800,exact_match,0.02375,results/runs/d_cr_nomemoria_scores.csv
D.CR,no_memoria,GLOBAL (weighted),800,substring_exact_match,0.11125,results/runs/d_cr_nomemoria_scores.csv
D.CR,no_memoria,GLOBAL (weighted),800,f1,0.05763456479600469,results/runs/d_cr_nomemoria_scores.csv
D.CR,no_memoria,GLOBAL (weighted),800,rougeL_f1,0.05757059315059489,results/runs/d_cr_nomemoria_scores.csv
D.CR,no_memoria,GLOBAL (weighted),800,rougeL_recall,0.14731249999999996,results/runs/d_cr_nomemoria_scores.csv
D.CR,no_memoria,GLOBAL (weighted),800,rougeLsum_f1,0.05757059315059489,results/runs/d_cr_nomemoria_scores.csv
D.CR,no_memoria,GLOBAL (weighted),800,rougeLsum_recall,0.14731249999999996,results/runs/d_cr_nomemoria_scores.csv
D.LRU (det.),a_mem,detective_qa,71,exact_match,0.056338028169014086,results/runs/d_lru_a_mem_scores.csv
D.LRU (det.),a_mem,detective_qa,71,substring_exact_match,0.38028169014084506,results/runs/d_lru_a_mem_scores.csv
D.LRU (det.),a_mem,detective_qa,71,f1,0.2725652712705894,results/runs/d_lru_a_mem_scores.csv
D.LRU (det.),a_mem,detective_qa,71,rougeL_f1,0.29679502954710774,results/runs/d_lru_a_mem_scores.csv
D.LRU (det.),a_mem,detective_qa,71,rougeL_recall,0.540490547532801,results/runs/d_lru_a_mem_scores.csv
D.LRU (det.),a_mem,detective_qa,71,rougeLsum_f1,0.29679502954710774,results/runs/d_lru_a_mem_scores.csv
D.LRU (det.),a_mem,detective_qa,71,rougeLsum_recall,0.5397602397602397,results/runs/d_lru_a_mem_scores.csv
D.LRU (det.),a_mem,infbench_sum_eng_shots2,100,exact_match,0.0,results/runs/d_lru_a_mem_scores.csv
D.LRU (det.),a_mem,infbench_sum_eng_shots2,100,substring_exact_match,0.0,results/runs/d_lru_a_mem_scores.csv
D.LRU (det.),a_mem,infbench_sum_eng_shots2,100,f1,0.1711126740187801,results/runs/d_lru_a_mem_scores.csv
D.LRU (det.),a_mem,infbench_sum_eng_shots2,100,rougeL_f1,0.10623202606119733,results/runs/d_lru_a_mem_scores.csv
D.LRU (det.),a_mem,infbench_sum_eng_shots2,100,rougeL_recall,0.06930431595292866,results/runs/d_lru_a_mem_scores.csv
D.LRU (det.),a_mem,infbench_sum_eng_shots2,100,rougeLsum_f1,0.17345418965657225,results/runs/d_lru_a_mem_scores.csv
D.LRU (det.),a_mem,infbench_sum_eng_shots2,100,rougeLsum_recall,0.11403288676490962,results/runs/d_lru_a_mem_scores.csv
D.LRU (det.),a_mem,GLOBAL (weighted),171,exact_match,0.023391812865497075,results/runs/d_lru_a_mem_scores.csv
D.LRU (det.),a_mem,GLOBAL (weighted),171,substring_exact_match,0.15789473684210525,results/runs/d_lru_a_mem_scores.csv
D.LRU (det.),a_mem,GLOBAL (weighted),171,f1,0.2132362670297652,results/runs/d_lru_a_mem_scores.csv
D.LRU (det.),a_mem,GLOBAL (weighted),171,rougeL_f1,0.18535467663137065,results/runs/d_lru_a_mem_scores.csv
D.LRU (det.),a_mem,GLOBAL (weighted),171,rougeL_recall,0.26494304368492244,results/runs/d_lru_a_mem_scores.csv
D.LRU (det.),a_mem,GLOBAL (weighted),171,rougeLsum_f1,0.22466588341229168,results/runs/d_lru_a_mem_scores.csv
D.LRU (det.),a_mem,GLOBAL (weighted),171,rougeLsum_recall,0.2907968754354852,results/runs/d_lru_a_mem_scores.csv
D.LRU (det.),no_memoria,detective_qa,71,exact_match,0.14084507042253522,results/runs/d_lru_nomemoria_scores.csv
D.LRU (det.),no_memoria,detective_qa,71,substring_exact_match,0.28169014084507044,results/runs/d_lru_nomemoria_scores.csv
D.LRU (det.),no_memoria,detective_qa,71,f1,0.2746803917289865,results/runs/d_lru_nomemoria_scores.csv
D.LRU (det.),no_memoria,detective_qa,71,rougeL_f1,0.28744220150807653,results/runs/d_lru_nomemoria_scores.csv
D.LRU (det.),no_memoria,detective_qa,71,rougeL_recall,0.4130022299036384,results/runs/d_lru_nomemoria_scores.csv
D.LRU (det.),no_memoria,detective_qa,71,rougeLsum_f1,0.28830484086836855,results/runs/d_lru_nomemoria_scores.csv
D.LRU (det.),no_memoria,detective_qa,71,rougeLsum_recall,0.41957313682665803,results/runs/d_lru_nomemoria_scores.csv
D.LRU (det.),no_memoria,infbench_sum_eng_shots2,100,exact_match,0.0,results/runs/d_lru_nomemoria_scores.csv
D.LRU (det.),no_memoria,infbench_sum_eng_shots2,100,substring_exact_match,0.0,results/runs/d_lru_nomemoria_scores.csv
D.LRU (det.),no_memoria,infbench_sum_eng_shots2,100,f1,0.17127459367155382,results/runs/d_lru_nomemoria_scores.csv
D.LRU (det.),no_memoria,infbench_sum_eng_shots2,100,rougeL_f1,0.10718014381383659,results/runs/d_lru_nomemoria_scores.csv
D.LRU (det.),no_memoria,infbench_sum_eng_shots2,100,rougeL_recall,0.07096933842101782,results/runs/d_lru_nomemoria_scores.csv
D.LRU (det.),no_memoria,infbench_sum_eng_shots2,100,rougeLsum_f1,0.17708739303575874,results/runs/d_lru_nomemoria_scores.csv
D.LRU (det.),no_memoria,infbench_sum_eng_shots2,100,rougeLsum_recall,0.11785321562705191,results/runs/d_lru_nomemoria_scores.csv
D.LRU (det.),no_memoria,GLOBAL (weighted),171,exact_match,0.05847953216374269,results/runs/d_lru_nomemoria_scores.csv
D.LRU (det.),no_memoria,GLOBAL (weighted),171,substring_exact_match,0.11695906432748537,results/runs/d_lru_nomemoria_scores.csv
D.LRU (det.),no_memoria,GLOBAL (weighted),171,f1,0.21420916479481533,results/runs/d_lru_nomemoria_scores.csv
D.LRU (det.),no_memoria,GLOBAL (weighted),171,rougeL_f1,0.18202579349974907,results/runs/d_lru_nomemoria_scores.csv
D.LRU (det.),no_memoria,GLOBAL (weighted),171,rougeL_recall,0.21298299511848018,results/runs/d_lru_nomemoria_scores.csv
D.LRU (det.),no_memoria,GLOBAL (weighted),171,rougeLsum_f1,0.22326539769140377,results/runs/d_lru_nomemoria_scores.csv
D.LRU (det.),no_memoria,GLOBAL (weighted),171,rougeLsum_recall,0.24312873846431526,results/runs/d_lru_nomemoria_scores.csv
D.TTL,a_mem,icl_banking77_5900shot_balance,100,exact_match,0.0,results/runs/d_ttl_a_mem_scores.csv
D.TTL,a_mem,icl_banking77_5900shot_balance,100,substring_exact_match,0.02,results/runs/d_ttl_a_mem_scores.csv
D.TTL,a_mem,icl_banking77_5900shot_balance,100,f1,0.0029914529914529912,results/runs/d_ttl_a_mem_scores.csv
D.TTL,a_mem,icl_banking77_5900shot_balance,100,rougeL_f1,0.002507836990595611,results/runs/d_ttl_a_mem_scores.csv
D.TTL,a_mem,icl_banking77_5900shot_balance,100,rougeL_recall,0.02,results/runs/d_ttl_a_mem_scores.csv
D.TTL,a_mem,icl_banking77_5900shot_balance,100,rougeLsum_f1,0.002507836990595611,results/runs/d_ttl_a_mem_scores.csv
D.TTL,a_mem,icl_banking77_5900shot_balance,100,rougeLsum_recall,0.02,results/runs/d_ttl_a_mem_scores.csv
D.TTL,a_mem,icl_clinic150_7050shot_balance,100,exact_match,0.0,results/runs/d_ttl_a_mem_scores.csv
D.TTL,a_mem,icl_clinic150_7050shot_balance,100,substring_exact_match,0.05,results/runs/d_ttl_a_mem_scores.csv
D.TTL,a_mem,icl_clinic150_7050shot_balance,100,f1,0.01401111111111111,results/runs/d_ttl_a_mem_scores.csv
D.TTL,a_mem,icl_clinic150_7050shot_balance,100,rougeL_f1,0.013544025157232704,results/runs/d_ttl_a_mem_scores.csv
D.TTL,a_mem,icl_clinic150_7050shot_balance,100,rougeL_recall,0.05,results/runs/d_ttl_a_mem_scores.csv
D.TTL,a_mem,icl_clinic150_7050shot_balance,100,rougeLsum_f1,0.013544025157232704,results/runs/d_ttl_a_mem_scores.csv
D.TTL,a_mem,icl_clinic150_7050shot_balance,100,rougeLsum_recall,0.05,results/runs/d_ttl_a_mem_scores.csv
D.TTL,a_mem,icl_nlu_8296shot_balance,100,exact_match,0.0,results/runs/d_ttl_a_mem_scores.csv
D.TTL,a_mem,icl_nlu_8296shot_balance,100,substring_exact_match,0.04,results/runs/d_ttl_a_mem_scores.csv
D.TTL,a_mem,icl_nlu_8296shot_balance,100,f1,0.004314420803782506,results/runs/d_ttl_a_mem_scores.csv
D.TTL,a_mem,icl_nlu_8296shot_balance,100,rougeL_f1,0.004131054131054131,results/runs/d_ttl_a_mem_scores.csv
D.TTL,a_mem,icl_nlu_8296shot_balance,100,rougeL_recall,0.03,results/runs/d_ttl_a_mem_scores.csv
D.TTL,a_mem,icl_nlu_8296shot_balance,100,rougeLsum_f1,0.004131054131054131,results/runs/d_ttl_a_mem_scores.csv
D.TTL,a_mem,icl_nlu_8296shot_balance,100,rougeLsum_recall,0.03,results/runs/d_ttl_a_mem_scores.csv
D.TTL,a_mem,icl_trec_coarse_6600shot_balance,100,exact_match,0.0,results/runs/d_ttl_a_mem_scores.csv
D.TTL,a_mem,icl_trec_coarse_6600shot_balance,100,substring_exact_match,0.1,results/runs/d_ttl_a_mem_scores.csv
D.TTL,a_mem,icl_trec_coarse_6600shot_balance,100,f1,0.0044444444444444444,results/runs/d_ttl_a_mem_scores.csv
D.TTL,a_mem,icl_trec_coarse_6600shot_balance,100,rougeL_f1,0.00527485380116959,results/runs/d_ttl_a_mem_scores.csv
D.TTL,a_mem,icl_trec_coarse_6600shot_balance,100,rougeL_recall,0.03,results/runs/d_ttl_a_mem_scores.csv
D.TTL,a_mem,icl_trec_coarse_6600shot_balance,100,rougeLsum_f1,0.00527485380116959,results/runs/d_ttl_a_mem_scores.csv
D.TTL,a_mem,icl_trec_coarse_6600shot_balance,100,rougeLsum_recall,0.03,results/runs/d_ttl_a_mem_scores.csv
D.TTL,a_mem,icl_trec_fine_6400shot_balance,100,exact_match,0.0,results/runs/d_ttl_a_mem_scores.csv
D.TTL,a_mem,icl_trec_fine_6400shot_balance,100,substring_exact_match,0.02,results/runs/d_ttl_a_mem_scores.csv
D.TTL,a_mem,icl_trec_fine_6400shot_balance,100,f1,0.0018181818181818182,results/runs/d_ttl_a_mem_scores.csv
D.TTL,a_mem,icl_trec_fine_6400shot_balance,100,rougeL_f1,0.00210989010989011,results/runs/d_ttl_a_mem_scores.csv
D.TTL,a_mem,icl_trec_fine_6400shot_balance,100,rougeL_recall,0.02,results/runs/d_ttl_a_mem_scores.csv
D.TTL,a_mem,icl_trec_fine_6400shot_balance,100,rougeLsum_f1,0.00210989010989011,results/runs/d_ttl_a_mem_scores.csv
D.TTL,a_mem,icl_trec_fine_6400shot_balance,100,rougeLsum_recall,0.02,results/runs/d_ttl_a_mem_scores.csv
D.TTL,a_mem,GLOBAL (weighted),500,exact_match,0.0,results/runs/d_ttl_a_mem_scores.csv
D.TTL,a_mem,GLOBAL (weighted),500,substring_exact_match,0.046,results/runs/d_ttl_a_mem_scores.csv
D.TTL,a_mem,GLOBAL (weighted),500,f1,0.005515922233794574,results/runs/d_ttl_a_mem_scores.csv
D.TTL,a_mem,GLOBAL (weighted),500,rougeL_f1,0.00551353203798843,results/runs/d_ttl_a_mem_scores.csv
D.TTL,a_mem,GLOBAL (weighted),500,rougeL_recall,0.03,results/runs/d_ttl_a_mem_scores.csv
D.TTL,a_mem,GLOBAL (weighted),500,rougeLsum_f1,0.00551353203798843,results/runs/d_ttl_a_mem_scores.csv
D.TTL,a_mem,GLOBAL (weighted),500,rougeLsum_recall,0.03,results/runs/d_ttl_a_mem_scores.csv
D.TTL,no_memoria,icl_banking77_5900shot_balance,100,exact_match,0.0,results/runs/d_ttl_nomemoria_scores.csv
D.TTL,no_memoria,icl_banking77_5900shot_balance,100,substring_exact_match,0.0,results/runs/d_ttl_nomemoria_scores.csv
D.TTL,no_memoria,icl_banking77_5900shot_balance,100,f1,0.0,results/runs/d_ttl_nomemoria_scores.csv
D.TTL,no_memoria,icl_banking77_5900shot_balance,100,rougeL_f1,0.0,results/runs/d_ttl_nomemoria_scores.csv
D.TTL,no_memoria,icl_banking77_5900shot_balance,100,rougeL_recall,0.0,results/runs/d_ttl_nomemoria_scores.csv
D.TTL,no_memoria,icl_banking77_5900shot_balance,100,rougeLsum_f1,0.0,results/runs/d_ttl_nomemoria_scores.csv
D.TTL,no_memoria,icl_banking77_5900shot_balance,100,rougeLsum_recall,0.0,results/runs/d_ttl_nomemoria_scores.csv
D.TTL,no_memoria,icl_clinic150_7050shot_balance,100,exact_match,0.0,results/runs/d_ttl_nomemoria_scores.csv
D.TTL,no_memoria,icl_clinic150_7050shot_balance,100,substring_exact_match,0.0,results/runs/d_ttl_nomemoria_scores.csv
D.TTL,no_memoria,icl_clinic150_7050shot_balance,100,f1,0.0,results/runs/d_ttl_nomemoria_scores.csv
D.TTL,no_memoria,icl_clinic150_7050shot_balance,100,rougeL_f1,0.0,results/runs/d_ttl_nomemoria_scores.csv
D.TTL,no_memoria,icl_clinic150_7050shot_balance,100,rougeL_recall,0.0,results/runs/d_ttl_nomemoria_scores.csv
D.TTL,no_memoria,icl_clinic150_7050shot_balance,100,rougeLsum_f1,0.0,results/runs/d_ttl_nomemoria_scores.csv
D.TTL,no_memoria,icl_clinic150_7050shot_balance,100,rougeLsum_recall,0.0,results/runs/d_ttl_nomemoria_scores.csv
D.TTL,no_memoria,icl_nlu_8296shot_balance,100,exact_match,0.0,results/runs/d_ttl_nomemoria_scores.csv
D.TTL,no_memoria,icl_nlu_8296shot_balance,100,substring_exact_match,0.0,results/runs/d_ttl_nomemoria_scores.csv
D.TTL,no_memoria,icl_nlu_8296shot_balance,100,f1,0.0,results/runs/d_ttl_nomemoria_scores.csv
D.TTL,no_memoria,icl_nlu_8296shot_balance,100,rougeL_f1,0.0,results/runs/d_ttl_nomemoria_scores.csv
D.TTL,no_memoria,icl_nlu_8296shot_balance,100,rougeL_recall,0.0,results/runs/d_ttl_nomemoria_scores.csv
D.TTL,no_memoria,icl_nlu_8296shot_balance,100,rougeLsum_f1,0.0,results/runs/d_ttl_nomemoria_scores.csv
D.TTL,no_memoria,icl_nlu_8296shot_balance,100,rougeLsum_recall,0.0,results/runs/d_ttl_nomemoria_scores.csv
D.TTL,no_memoria,icl_trec_coarse_6600shot_balance,100,exact_match,0.0,results/runs/d_ttl_nomemoria_scores.csv
D.TTL,no_memoria,icl_trec_coarse_6600shot_balance,100,substring_exact_match,0.15,results/runs/d_ttl_nomemoria_scores.csv
D.TTL,no_memoria,icl_trec_coarse_6600shot_balance,100,f1,0.0035555555555555553,results/runs/d_ttl_nomemoria_scores.csv
D.TTL,no_memoria,icl_trec_coarse_6600shot_balance,100,rougeL_f1,0.006575163398692811,results/runs/d_ttl_nomemoria_scores.csv
D.TTL,no_memoria,icl_trec_coarse_6600shot_balance,100,rougeL_recall,0.04,results/runs/d_ttl_nomemoria_scores.csv
D.TTL,no_memoria,icl_trec_coarse_6600shot_balance,100,rougeLsum_f1,0.006575163398692811,results/runs/d_ttl_nomemoria_scores.csv
D.TTL,no_memoria,icl_trec_coarse_6600shot_balance,100,rougeLsum_recall,0.04,results/runs/d_ttl_nomemoria_scores.csv
D.TTL,no_memoria,icl_trec_fine_6400shot_balance,100,exact_match,0.0,results/runs/d_ttl_nomemoria_scores.csv
D.TTL,no_memoria,icl_trec_fine_6400shot_balance,100,substring_exact_match,0.02,results/runs/d_ttl_nomemoria_scores.csv
D.TTL,no_memoria,icl_trec_fine_6400shot_balance,100,f1,0.0,results/runs/d_ttl_nomemoria_scores.csv
D.TTL,no_memoria,icl_trec_fine_6400shot_balance,100,rougeL_f1,0.0,results/runs/d_ttl_nomemoria_scores.csv
D.TTL,no_memoria,icl_trec_fine_6400shot_balance,100,rougeL_recall,0.0,results/runs/d_ttl_nomemoria_scores.csv
D.TTL,no_memoria,icl_trec_fine_6400shot_balance,100,rougeLsum_f1,0.0,results/runs/d_ttl_nomemoria_scores.csv
D.TTL,no_memoria,icl_trec_fine_6400shot_balance,100,rougeLsum_recall,0.0,results/runs/d_ttl_nomemoria_scores.csv
D.TTL,no_memoria,GLOBAL (weighted),500,exact_match,0.0,results/runs/d_ttl_nomemoria_scores.csv
D.TTL,no_memoria,GLOBAL (weighted),500,substring_exact_match,0.034,results/runs/d_ttl_nomemoria_scores.csv
D.TTL,no_memoria,GLOBAL (weighted),500,f1,0.000711111111111111,results/runs/d_ttl_nomemoria_scores.csv
D.TTL,no_memoria,GLOBAL (weighted),500,rougeL_f1,0.0013150326797385621,results/runs/d_ttl_nomemoria_scores.csv
D.TTL,no_memoria,GLOBAL (weighted),500,rougeL_recall,0.008,results/runs/d_ttl_nomemoria_scores.csv
D.TTL,no_memoria,GLOBAL (weighted),500,rougeLsum_f1,0.0013150326797385621,results/runs/d_ttl_nomemoria_scores.csv
D.TTL,no_memoria,GLOBAL (weighted),500,rougeLsum_recall,0.008,results/runs/d_ttl_nomemoria_scores.csv
