benchmark,sub_dataset,metric,n,a_mem,no_memoria,delta_a_mem_minus_no_memoria
D.AR,GLOBAL (weighted),exact_match,2000,0.127,0.0885,0.038500000000000006
D.AR,GLOBAL (weighted),f1,2000,0.29762201480580175,0.215222774898091,0.08239923990771075
D.AR,GLOBAL (weighted),rougeL_f1,2000,0.30901130805746135,0.2250177748561032,0.08399353320135816
D.AR,GLOBAL (weighted),rougeL_recall,2000,0.3815189951132445,0.27064738428719726,0.11087161082604724
D.AR,GLOBAL (weighted),rougeLsum_f1,2000,0.30933854261141486,0.22552552954789004,0.08381301306352482
D.AR,GLOBAL (weighted),rougeLsum_recall,2000,0.3825354266089803,0.2715804494985132,0.11095497711046715
D.AR,GLOBAL (weighted),substring_exact_match,2000,0.222,0.1345,0.0875
D.AR,eventqa_131072,exact_match,500,0.148,0.092,0.055999999999999994
D.AR,eventqa_131072,f1,500,0.3458010867416996,0.23582152937017797,0.10997955737152165
D.AR,eventqa_131072,rougeL_f1,500,0.36201420194171463,0.25089246350912775,0.11112173843258688
D.AR,eventqa_131072,rougeL_recall,500,0.3741572216569123,0.26128704808263625,0.11287017357427603
D.AR,eventqa_131072,rougeLsum_f1,500,0.36201420194171463,0.25089246350912775,0.11112173843258688
D.AR,eventqa_131072,rougeLsum_recall,500,0.3741572216569123,0.26128704808263625,0.11287017357427603
D.AR,eventqa_131072,substring_exact_match,500,0.204,0.108,0.09599999999999999
D.AR,eventqa_65536,exact_match,500,0.174,0.124,0.04999999999999999
D.AR,eventqa_65536,f1,500,0.36201182673984383,0.26904141839113066,0.09297040834871317
D.AR,eventqa_65536,rougeL_f1,500,0.374766476236571,0.2795279908753069,0.09523848536126411
D.AR,eventqa_65536,rougeL_recall,500,0.3881798990569117,0.2915733023512436,0.09660659670566807
D.AR,eventqa_65536,rougeLsum_f1,500,0.374766476236571,0.2795279908753069,0.09523848536126411
D.AR,eventqa_65536,rougeLsum_recall,500,0.3881798990569117,0.2915733023512436,0.09660659670566807
D.AR,eventqa_65536,substring_exact_match,500,0.238,0.152,0.086
D.AR,eventqa_full,exact_match,500,0.128,0.134,-0.006000000000000005
D.AR,eventqa_full,f1,500,0.2959392390822289,0.299067983131256,-0.003128744049027077
D.AR,eventqa_full,rougeL_f1,500,0.3110654877505748,0.3132734484773893,-0.0022079607268145063
D.AR,eventqa_full,rougeL_recall,500,0.32239815519018317,0.32385967741408933,-0.0014615222239061643
D.AR,eventqa_full,rougeLsum_f1,500,0.3110654877505748,0.3132734484773893,-0.0022079607268145063
D.AR,eventqa_full,rougeLsum_recall,500,0.32239815519018317,0.32385967741408933,-0.0014615222239061643
D.AR,eventqa_full,substring_exact_match,500,0.142,0.156,-0.014000000000000012
D.AR,longmemeval_s*,exact_match,300,0.02,0.0,0.02
D.AR,longmemeval_s*,f1,300,0.1439438663482934,0.04821279576675914,0.09573107058153427
D.AR,longmemeval_s*,rougeL_f1,300,0.14451686136187558,0.04454826441031436,0.09996859695156121
D.AR,longmemeval_s*,rougeL_recall,300,0.36609561869272916,0.1320391292579802,0.23405648943474897
D.AR,longmemeval_s*,rougeLsum_f1,300,0.146698425054899,0.047933295688893464,0.09876512936600554
D.AR,longmemeval_s*,rougeLsum_recall,300,0.3728718286643015,0.1382595640000864,0.23461226466421511
D.AR,longmemeval_s*,substring_exact_match,300,0.19666666666666666,0.043333333333333335,0.15333333333333332
D.AR,ruler_qa1_197K,exact_match,100,0.15,0.02,0.13
D.AR,ruler_qa1_197K,f1,100,0.3048558175796568,0.0670357308771734,0.2378200867024834
D.AR,ruler_qa1_197K,rougeL_f1,100,0.31077527111466907,0.0685801820044302,0.24219508911023888
D.AR,ruler_qa1_197K,rougeL_recall,100,0.6298333333333335,0.2857063492063492,0.3441269841269843
D.AR,ruler_qa1_197K,rougeLsum_f1,100,0.31077527111466907,0.0685801820044302,0.24219508911023888
D.AR,ruler_qa1_197K,rougeLsum_recall,100,0.6298333333333335,0.2857063492063492,0.3441269841269843
D.AR,ruler_qa1_197K,substring_exact_match,100,0.55,0.23,0.32000000000000006
D.AR,ruler_qa2_421K,exact_match,100,0.08,0.0,0.08
D.AR,ruler_qa2_421K,f1,100,0.1969921166726358,0.07312672532154495,0.12386539135109086
D.AR,ruler_qa2_421K,rougeL_f1,100,0.19666947630462936,0.07966100757757007,0.11700846872705929
D.AR,ruler_qa2_421K,rougeL_recall,100,0.47858333333333325,0.3475238095238095,0.13105952380952374
D.AR,ruler_qa2_421K,rougeLsum_f1,100,0.19666947630462936,0.07966100757757007,0.11700846872705929
D.AR,ruler_qa2_421K,rougeLsum_recall,100,0.47858333333333325,0.3475238095238095,0.13105952380952374
D.AR,ruler_qa2_421K,substring_exact_match,100,0.38,0.25,0.13
D.CR,GLOBAL (weighted),exact_match,800,0.1025,0.02375,0.07874999999999999
D.CR,GLOBAL (weighted),f1,800,0.12244881569196257,0.05763456479600469,0.06481425089595788
D.CR,GLOBAL (weighted),rougeL_f1,800,0.1226584666938802,0.05757059315059489,0.06508787354328531
D.CR,GLOBAL (weighted),rougeL_recall,800,0.17460416666666667,0.14731249999999996,0.027291666666666714
D.CR,GLOBAL (weighted),rougeLsum_f1,800,0.1226584666938802,0.05757059315059489,0.06508787354328531
D.CR,GLOBAL (weighted),rougeLsum_recall,800,0.17460416666666667,0.14731249999999996,0.027291666666666714
D.CR,GLOBAL (weighted),substring_exact_match,800,0.15125,0.11125,0.039999999999999994
D.CR,factconsolidation_mh_262k,exact_match,100,0.0,0.0,0.0
D.CR,factconsolidation_mh_262k,f1,100,0.0027335229966808914,0.004816339869281046,-0.0020828168726001544
D.CR,factconsolidation_mh_262k,rougeL_f1,100,0.0028507731206226274,0.004952107959456744,-0.0021013348388341166
D.CR,factconsolidation_mh_262k,rougeL_recall,100,0.019999999999999997,0.03833333333333334,-0.01833333333333334
D.CR,factconsolidation_mh_262k,rougeLsum_f1,100,0.0028507731206226274,0.004952107959456744,-0.0021013348388341166
D.CR,factconsolidation_mh_262k,rougeLsum_recall,100,0.019999999999999997,0.03833333333333334,-0.01833333333333334
D.CR,factconsolidation_mh_262k,substring_exact_match,100,0.0,0.02,-0.02
D.CR,factconsolidation_mh_32k,exact_match,100,0.0,0.0,0.0
D.CR,factconsolidation_mh_32k,f1,100,0.01712076362076362,0.004112894141286711,0.013007869479476911
D.CR,factconsolidation_mh_32k,rougeL_f1,100,0.018076852559205502,0.004129848933164123,0.013947003626041378
D.CR,factconsolidation_mh_32k,rougeL_recall,100,0.06166666666666666,0.0375,0.024166666666666663
D.CR,factconsolidation_mh_32k,rougeLsum_f1,100,0.018076852559205502,0.004129848933164123,0.013947003626041378
D.CR,factconsolidation_mh_32k,rougeLsum_recall,100,0.06166666666666666,0.0375,0.024166666666666663
D.CR,factconsolidation_mh_32k,substring_exact_match,100,0.04,0.03,0.010000000000000002
D.CR,factconsolidation_mh_64k,exact_match,100,0.01,0.0,0.01
D.CR,factconsolidation_mh_64k,f1,100,0.023705411474934802,0.004082390727552018,0.019623020747382786
D.CR,factconsolidation_mh_64k,rougeL_f1,100,0.025745878235239942,0.007423520923520924,0.018322357311719016
D.CR,factconsolidation_mh_64k,rougeL_recall,100,0.0495,0.016166666666666666,0.03333333333333334
D.CR,factconsolidation_mh_64k,rougeLsum_f1,100,0.025745878235239942,0.007423520923520924,0.018322357311719016
D.CR,factconsolidation_mh_64k,rougeLsum_recall,100,0.0495,0.016166666666666666,0.03333333333333334
D.CR,factconsolidation_mh_64k,substring_exact_match,100,0.02,0.01,0.01
D.CR,factconsolidation_mh_6k,exact_match,100,0.02,0.0,0.02
D.CR,factconsolidation_mh_6k,f1,100,0.027508310871518414,0.001597542242703533,0.025910768628814883
D.CR,factconsolidation_mh_6k,rougeL_f1,100,0.027152905264669968,0.00540661938534279,0.021746285879327178
D.CR,factconsolidation_mh_6k,rougeL_recall,100,0.06033333333333333,0.010333333333333332,0.049999999999999996
D.CR,factconsolidation_mh_6k,rougeLsum_f1,100,0.027152905264669968,0.00540661938534279,0.021746285879327178
D.CR,factconsolidation_mh_6k,rougeLsum_recall,100,0.06033333333333333,0.010333333333333332,0.049999999999999996
D.CR,factconsolidation_mh_6k,substring_exact_match,100,0.05,0.0,0.05
D.CR,factconsolidation_sh_262k,exact_match,100,0.05,0.02,0.030000000000000002
D.CR,factconsolidation_sh_262k,f1,100,0.07381108554883509,0.08932312199032622,-0.015512036441491128
D.CR,factconsolidation_sh_262k,rougeL_f1,100,0.07452503510220372,0.08703195650331873,-0.012506921401115006
D.CR,factconsolidation_sh_262k,rougeL_recall,100,0.15333333333333335,0.2316666666666666,-0.07833333333333325
D.CR,factconsolidation_sh_262k,rougeLsum_f1,100,0.07452503510220372,0.08703195650331873,-0.012506921401115006
D.CR,factconsolidation_sh_262k,rougeLsum_recall,100,0.15333333333333335,0.2316666666666666,-0.07833333333333325
D.CR,factconsolidation_sh_262k,substring_exact_match,100,0.11,0.15,-0.039999999999999994
D.CR,factconsolidation_sh_32k,exact_match,100,0.2,0.05,0.15000000000000002
D.CR,factconsolidation_sh_32k,f1,100,0.23759327459989785,0.12464447380438705,0.1129488007955108
D.CR,factconsolidation_sh_32k,rougeL_f1,100,0.23517912887775022,0.12202421132845975,0.11315491754929047
D.CR,factconsolidation_sh_32k,rougeL_recall,100,0.3183333333333333,0.3125,0.0058333333333333015
D.CR,factconsolidation_sh_32k,rougeLsum_f1,100,0.23517912887775022,0.12202421132845975,0.11315491754929047
D.CR,factconsolidation_sh_32k,rougeLsum_recall,100,0.3183333333333333,0.3125,0.0058333333333333015
D.CR,factconsolidation_sh_32k,substring_exact_match,100,0.28,0.24,0.040000000000000036
D.CR,factconsolidation_sh_64k,exact_match,100,0.2,0.07,0.13
D.CR,factconsolidation_sh_64k,f1,100,0.22456570156798353,0.14579821568887374,0.07876748587910978
D.CR,factconsolidation_sh_64k,rougeL_f1,100,0.22510353290772225,0.1419608853822635,0.08314264752545875
D.CR,factconsolidation_sh_64k,rougeL_recall,100,0.2786666666666666,0.34949999999999987,-0.07083333333333325
D.CR,factconsolidation_sh_64k,rougeLsum_f1,100,0.22510353290772225,0.1419608853822635,0.08314264752545875
D.CR,factconsolidation_sh_64k,rougeLsum_recall,100,0.2786666666666666,0.34949999999999987,-0.07083333333333325
D.CR,factconsolidation_sh_64k,substring_exact_match,100,0.26,0.29,-0.02999999999999997
D.CR,factconsolidation_sh_6k,exact_match,100,0.34,0.05,0.29000000000000004
D.CR,factconsolidation_sh_6k,f1,100,0.37255245485508637,0.08670153990362721,0.28585091495145915
D.CR,factconsolidation_sh_6k,rougeL_f1,100,0.37263362748362744,0.08763559478923255,0.2849980326943949
D.CR,factconsolidation_sh_6k,rougeL_recall,100,0.455,0.1825,0.2725
D.CR,factconsolidation_sh_6k,rougeLsum_f1,100,0.37263362748362744,0.08763559478923255,0.2849980326943949
D.CR,factconsolidation_sh_6k,rougeLsum_recall,100,0.455,0.1825,0.2725
D.CR,factconsolidation_sh_6k,substring_exact_match,100,0.45,0.15,0.30000000000000004
D.LRU (det.),GLOBAL (weighted),exact_match,171,0.023391812865497075,0.05847953216374269,-0.03508771929824561
D.LRU (det.),GLOBAL (weighted),f1,171,0.2132362670297652,0.21420916479481533,-0.0009728977650501347
D.LRU (det.),GLOBAL (weighted),rougeL_f1,171,0.18535467663137065,0.18202579349974907,0.0033288831316215794
D.LRU (det.),GLOBAL (weighted),rougeL_recall,171,0.26494304368492244,0.21298299511848018,0.05196004856644226
D.LRU (det.),GLOBAL (weighted),rougeLsum_f1,171,0.22466588341229168,0.22326539769140377,0.0014004857208879118
D.LRU (det.),GLOBAL (weighted),rougeLsum_recall,171,0.2907968754354852,0.24312873846431526,0.04766813697116995
D.LRU (det.),GLOBAL (weighted),substring_exact_match,171,0.15789473684210525,0.11695906432748537,0.04093567251461988
D.LRU (det.),detective_qa,exact_match,71,0.056338028169014086,0.14084507042253522,-0.08450704225352113
D.LRU (det.),detective_qa,f1,71,0.2725652712705894,0.2746803917289865,-0.002115120458397124
D.LRU (det.),detective_qa,rougeL_f1,71,0.29679502954710774,0.28744220150807653,0.009352828039031202
D.LRU (det.),detective_qa,rougeL_recall,71,0.540490547532801,0.4130022299036384,0.12748831762916263
D.LRU (det.),detective_qa,rougeLsum_f1,71,0.29679502954710774,0.28830484086836855,0.008490188678739186
D.LRU (det.),detective_qa,rougeLsum_recall,71,0.5397602397602397,0.41957313682665803,0.12018710293358165
D.LRU (det.),detective_qa,substring_exact_match,71,0.38028169014084506,0.28169014084507044,0.09859154929577463
D.LRU (det.),infbench_sum_eng_shots2,exact_match,100,0.0,0.0,0.0
D.LRU (det.),infbench_sum_eng_shots2,f1,100,0.1711126740187801,0.17127459367155382,-0.00016191965277370657
D.LRU (det.),infbench_sum_eng_shots2,rougeL_f1,100,0.10623202606119733,0.10718014381383659,-0.0009481177526392548
D.LRU (det.),infbench_sum_eng_shots2,rougeL_recall,100,0.06930431595292866,0.07096933842101782,-0.0016650224680891668
D.LRU (det.),infbench_sum_eng_shots2,rougeLsum_f1,100,0.17345418965657225,0.17708739303575874,-0.0036332033791864893
D.LRU (det.),infbench_sum_eng_shots2,rougeLsum_recall,100,0.11403288676490962,0.11785321562705191,-0.003820328862142286
D.LRU (det.),infbench_sum_eng_shots2,substring_exact_match,100,0.0,0.0,0.0
D.LRU (judge),detective_qa,accuracy,71,0.4085,0.338,0.07049999999999995
D.LRU (judge),infbench_sum_eng_shots2,mean_f1,100,0.0192,0.0074,0.011799999999999998
D.LRU (judge),infbench_sum_eng_shots2,mean_fluency,100,1.0,1.0,0.0
D.LRU (judge),infbench_sum_eng_shots2,mean_precision,100,0.1274,0.0765,0.050900000000000015
D.LRU (judge),infbench_sum_eng_shots2,mean_recall,100,0.036,0.0313,0.004699999999999996
D.TTL,GLOBAL (weighted),exact_match,500,0.0,0.0,0.0
D.TTL,GLOBAL (weighted),f1,500,0.005515922233794574,0.000711111111111111,0.004804811122683463
D.TTL,GLOBAL (weighted),rougeL_f1,500,0.00551353203798843,0.0013150326797385621,0.004198499358249868
D.TTL,GLOBAL (weighted),rougeL_recall,500,0.03,0.008,0.022
D.TTL,GLOBAL (weighted),rougeLsum_f1,500,0.00551353203798843,0.0013150326797385621,0.004198499358249868
D.TTL,GLOBAL (weighted),rougeLsum_recall,500,0.03,0.008,0.022
D.TTL,GLOBAL (weighted),substring_exact_match,500,0.046,0.034,0.011999999999999997
D.TTL,icl_banking77_5900shot_balance,exact_match,100,0.0,0.0,0.0
D.TTL,icl_banking77_5900shot_balance,f1,100,0.0029914529914529912,0.0,0.0029914529914529912
D.TTL,icl_banking77_5900shot_balance,rougeL_f1,100,0.002507836990595611,0.0,0.002507836990595611
D.TTL,icl_banking77_5900shot_balance,rougeL_recall,100,0.02,0.0,0.02
D.TTL,icl_banking77_5900shot_balance,rougeLsum_f1,100,0.002507836990595611,0.0,0.002507836990595611
D.TTL,icl_banking77_5900shot_balance,rougeLsum_recall,100,0.02,0.0,0.02
D.TTL,icl_banking77_5900shot_balance,substring_exact_match,100,0.02,0.0,0.02
D.TTL,icl_clinic150_7050shot_balance,exact_match,100,0.0,0.0,0.0
D.TTL,icl_clinic150_7050shot_balance,f1,100,0.01401111111111111,0.0,0.01401111111111111
D.TTL,icl_clinic150_7050shot_balance,rougeL_f1,100,0.013544025157232704,0.0,0.013544025157232704
D.TTL,icl_clinic150_7050shot_balance,rougeL_recall,100,0.05,0.0,0.05
D.TTL,icl_clinic150_7050shot_balance,rougeLsum_f1,100,0.013544025157232704,0.0,0.013544025157232704
D.TTL,icl_clinic150_7050shot_balance,rougeLsum_recall,100,0.05,0.0,0.05
D.TTL,icl_clinic150_7050shot_balance,substring_exact_match,100,0.05,0.0,0.05
D.TTL,icl_nlu_8296shot_balance,exact_match,100,0.0,0.0,0.0
D.TTL,icl_nlu_8296shot_balance,f1,100,0.004314420803782506,0.0,0.004314420803782506
D.TTL,icl_nlu_8296shot_balance,rougeL_f1,100,0.004131054131054131,0.0,0.004131054131054131
D.TTL,icl_nlu_8296shot_balance,rougeL_recall,100,0.03,0.0,0.03
D.TTL,icl_nlu_8296shot_balance,rougeLsum_f1,100,0.004131054131054131,0.0,0.004131054131054131
D.TTL,icl_nlu_8296shot_balance,rougeLsum_recall,100,0.03,0.0,0.03
D.TTL,icl_nlu_8296shot_balance,substring_exact_match,100,0.04,0.0,0.04
D.TTL,icl_trec_coarse_6600shot_balance,exact_match,100,0.0,0.0,0.0
D.TTL,icl_trec_coarse_6600shot_balance,f1,100,0.0044444444444444444,0.0035555555555555553,0.0008888888888888891
D.TTL,icl_trec_coarse_6600shot_balance,rougeL_f1,100,0.00527485380116959,0.006575163398692811,-0.0013003095975232205
D.TTL,icl_trec_coarse_6600shot_balance,rougeL_recall,100,0.03,0.04,-0.010000000000000002
D.TTL,icl_trec_coarse_6600shot_balance,rougeLsum_f1,100,0.00527485380116959,0.006575163398692811,-0.0013003095975232205
D.TTL,icl_trec_coarse_6600shot_balance,rougeLsum_recall,100,0.03,0.04,-0.010000000000000002
D.TTL,icl_trec_coarse_6600shot_balance,substring_exact_match,100,0.1,0.15,-0.04999999999999999
D.TTL,icl_trec_fine_6400shot_balance,exact_match,100,0.0,0.0,0.0
D.TTL,icl_trec_fine_6400shot_balance,f1,100,0.0018181818181818182,0.0,0.0018181818181818182
D.TTL,icl_trec_fine_6400shot_balance,rougeL_f1,100,0.00210989010989011,0.0,0.00210989010989011
D.TTL,icl_trec_fine_6400shot_balance,rougeL_recall,100,0.02,0.0,0.02
D.TTL,icl_trec_fine_6400shot_balance,rougeLsum_f1,100,0.00210989010989011,0.0,0.00210989010989011
D.TTL,icl_trec_fine_6400shot_balance,rougeLsum_recall,100,0.02,0.0,0.02
D.TTL,icl_trec_fine_6400shot_balance,substring_exact_match,100,0.02,0.02,0.0
LongMemEval Oracle,GLOBAL,accuracy,500,0.634,0.202,0.432
LongMemEval Oracle,knowledge-update,accuracy,78,0.884615,0.320513,0.5641020000000001
LongMemEval Oracle,multi-session,accuracy,133,0.413534,0.12782,0.285714
LongMemEval Oracle,single-session-assistant,accuracy,56,0.839286,0.142857,0.696429
LongMemEval Oracle,single-session-preference,accuracy,30,0.933333,0.766667,0.16666599999999998
LongMemEval Oracle,single-session-user,accuracy,70,0.914286,0.128571,0.785715
LongMemEval Oracle,temporal-reasoning,accuracy,133,0.406015,0.142857,0.263158
